Criminal proceedings - Youth court,Fee scheme start date 06/12/24,,,
Fee code,Lower Standard Fee (£)  ,Lower Standard Fee Limit (£) ,Higher Standard Fee (£) ,Higher Standard Fee Limit (£)
YOUE1,£822.47 ,£313.19 ,,£542.63 
YOUF1,,£313.19 ,"£1,072.74 ",£542.63 
YOUE2,£182.01 ,£313.19 ,,£542.63 
YOUF2,,£313.19 ,£437.81 ,£542.63 
YOUE3,£919.96 ,£538.02 ,,£896.59 
YOUF3,,£538.02 ,"£1,335.67 ",£896.59 
YOUE4,£321.37 ,£538.02 ,,£896.59 
YOUF4,,£538.02 ,£737.08 ,£896.59 
YOUX1,£822.47 ,£313.19 ,,£542.63 
YOUX3,,£313.19 ,"£1,072.74 ",£542.63 
YOUX2,£182.01 ,£313.19 ,,£542.63 
YOUX4,,£313.19 ,£437.81 ,£542.63 
YOUK1,£884.61 ,£313.19 ,,£542.63 
YOUL1,,£313.19 ,"£1,141.17 ",£542.63 
YOUK2,£232.53 ,£313.19 ,,£542.63 
YOUL2,,£313.19 ,£500.99 ,£542.63 
YOUK3,£995.73 ,£538.02 ,,£896.59 
YOUL3,,£538.02 ,"£1,430.44 ",£896.59 
YOUK4,£397.14 ,£538.02 ,,£896.59 
YOUL4,,£538.02 ,£831.85 ,£896.59 
YOUY1,£884.61 ,£313.19 ,,£542.63 
YOUY3,,£313.19 ,"£1,141.17 ",£542.63 
YOUY2,£232.53 ,£313.19 ,,£542.63 
YOUY4,,£313.19 ,£500.99 ,£542.63 