Criminal proceedings - Youth court,Fee scheme start date 22/12/25,,,
Fee code,Lower Standard Fee (£)  ,Lower Standard Fee Limit (£) ,Higher Standard Fee (£) ,Higher Standard Fee Limit (£)
YOUE1,£904.72 ,£344.51 ,,£596.89 
YOUF1,,£344.51 ,"£1,180.01 ",£596.89 
YOUE2,£200.21 ,£344.51 ,,£596.89 
YOUF2,,£344.51 ,£481.59 ,£596.89 
YOUE3,"£1,011.96 ",£591.82 ,,£986.25 
YOUF3,,£591.82 ,"£1,469.24 ",£986.25 
YOUE4,£353.51 ,£591.82 ,,£986.25 
YOUF4,,£591.82 ,£810.79 ,£986.25 
YOUX1,£904.72 ,£344.51 ,,£596.89 
YOUX3,,£344.51 ,"£1,180.01 ",£596.89 
YOUX2,£200.21 ,£344.51 ,,£596.89 
YOUX4,,£344.51 ,£481.59 ,£596.89 
YOUK1,£973.07 ,£344.51 ,,£596.89 
YOUL1,,£344.51 ,"£1,255.29 ",£596.89 
YOUK2,£255.78 ,£344.51 ,,£596.89 
YOUL2,,£344.51 ,£551.09 ,£596.89 
YOUK3,"£1,095.30 ",£591.82 ,,£986.25 
YOUL3,,£591.82 ,"£1,573.48 ",£986.25 
YOUK4,£436.85 ,£591.82 ,,£986.25 
YOUL4,,£591.82 ,£915.04 ,£986.25 
YOUY1,£973.07 ,£344.51 ,,£596.89 
YOUY3,,£344.51 ,"£1,255.29 ",£596.89 
YOUY2,£255.78 ,£344.51 ,,£596.89 
YOUY4,,£344.51 ,£551.09 ,£596.89 